Tracker,Status,Priority,Subject,Description,Assignee,Start Date,Due Date,Last Updated
Bug,InProgress,High,Bug in login form,Users cannot log in due to incorrect form validation.,John Doe,2024-10-04T00:00:00.000Z,2024-10-10T00:00:00.000Z,2024-10-06T00:00:00.000Z
Bug,InProgress,High,Bug in login form,Users cannot log in due to incorrect form validation.,John Doe,2024-10-04T00:00:00.000Z,2024-10-10T00:00:00.000Z,2024-10-06T00:00:00.000Z
Bug,InProgress,High,Bug in login form,Users cannot log in due to incorrect form validation.,John Doe,2024-10-04T00:00:00.000Z,2024-10-10T00:00:00.000Z,2024-10-06T00:00:00.000Z
Bug,InProgress,High,Bug in login form,Users cannot log in due to incorrect form validation.,John Doe,2024-10-04T00:00:00.000Z,2024-10-10T00:00:00.000Z,2024-10-06T00:00:00.000Z
Bug,InProgress,High,BUG,Users cannot log in due to incorrect form validation.,John Doe12,2024-10-04T00:00:00.000Z,2024-10-10T00:00:00.000Z,2024-10-05T10:33:25.000Z
Bug,InProgress,High,Bug in login form,Users cannot log in due to incorrect form validation.,John Doe,2024-10-04T00:00:00.000Z,2024-10-10T00:00:00.000Z,2024-10-06T00:00:00.000Z
Support,New,Normal,hiii,jhkhliluiliul,vishnu111,2024-10-05T00:00:00.000Z,2024-10-05T00:00:00.000Z,2024-10-05T10:05:41.000Z
Feature,Resolved,High,YUKYUKUH,HGJYTJHfghfghfh,qwer,2024-10-05T00:00:00.000Z,2024-10-05T00:00:00.000Z,2024-10-05T10:35:12.000Z
